huc12,year_month,dc_incqkflow_mm,dc_incbsflow_mm,dc_soilmstfr
070802070401,2013-01,0.190262691397903,0.0269226461355068,0.572104167165281
070802070401,2013-02,0.115872478982988,0.0122253102716735,0.638733017184481
070802070401,2013-03,0.334265758471811,0.384156345119822,0.587083879309915
070802070401,2013-04,16.5526721729965,23.4705995191175,0.846661923181297
070802070401,2013-05,12.9017729583067,44.1210811975721,0.565815743963915
070802070401,2013-06,5.97573232730232,38.4458489509499,0.420186829664093
070802070401,2013-07,3.25485972607258,23.7418381889382,0.144350437417215
070802070401,2013-08,2.48956882822512,13.3104171380637,0.188966651560181
070802070401,2013-09,1.70911632633533,7.06110833223115,0.0722451570618383
070802070401,2013-10,1.43118535921055,4.00521994399629,0.187731942863719
070802070401,2013-11,1.61608799587245,2.190071601053,0.714152937149697
070802070401,2013-12,0.976721056444232,1.30855718297457,0.76108039530968
070802070401,2014-01,0.782559863943292,0.756468797977735,0.675581631563669
070802070401,2014-02,0.616877391910354,0.415241599389822,0.589432098137558
070802070401,2014-03,0.814190230252832,2.71127932632501,0.742667121003422
070802070401,2014-04,3.41155542217023,3.21484678868073,0.597410447547055
070802070401,2014-05,1.61405152934217,2.54980215711087,0.473326812370473
070802070401,2014-06,2.66627874295771,1.38757345203627,0.379263158272927
070802070401,2014-07,5.04537190301867,4.94922494783893,0.546110566707039
070802070401,2014-08,2.35993012781081,3.1346241391198,0.37892199518676
070802070401,2014-09,1.16298496812615,1.76956834982956,0.335602930515656
070802070401,2014-10,1.05310830873401,1.00452248867828,0.38175572231973
070802070401,2014-11,0.682860108772343,0.529318619235965,0.342195791941661
070802070401,2014-12,0.626140859766311,0.310449497296463,0.479336245447589
070802070401,2015-01,0.516073214823208,0.185645362737339,0.596147181673444
070802070401,2015-02,0.395240966611201,0.125377003522847,0.628914458141335
070802070401,2015-03,0.429502836372974,0.166448592547387,0.457355992839328
070802070401,2015-04,0.838243693345868,0.118622185970153,0.413598663959916
070802070401,2015-05,0.686842181089473,0.0584359258662202,0.350957231581743
070802070401,2015-06,2.102099781585,0.18821374711482,0.466136842510583
070802070401,2015-07,0.500142504853184,0.283518095929128,0.290983322047573
070802070401,2015-08,0.385710645973497,0.0997517874358003,0.177879672052312
070802070401,2015-09,2.04209149871888,2.42486750062735,0.333181630894547
070802070401,2015-10,0.958749420300094,1.7340724146366,0.142082457587711
070802070401,2015-11,0.904516792515704,1.02888645430482,0.424443343006924
070802070401,2015-12,8.66779754653648,8.6158632546683,0.89466931938993
070802070401,2016-01,3.31921723873976,10.945516365112,0.882112550569482
070802070401,2016-02,2.57812444717411,8.53936058259283,0.85635844791349
070802070401,2016-03,5.90550389496504,21.2348069952331,0.816817662488848
070802070401,2016-04,3.59457077221613,13.8125092164647,0.558967372978433
070802070401,2016-05,1.91337301055908,7.83605614213813,0.302915104747755
070802070401,2016-06,1.4794088508334,4.14357287417094,0.18587095643856
070802070401,2016-07,5.216387514229,5.23240870730262,0.367543920320331
070802070401,2016-08,17.7911070147873,14.1376425462233,0.331809557651927
070802070401,2016-09,4.78527097829302,12.4429464378038,0.428107372848671
070802070401,2016-10,2.64062314395411,8.79817442334387,0.32420306367931
070802070401,2016-11,1.88238979263314,4.99735770009331,0.336668978545101
070802070401,2016-12,1.49230095039722,3.1134523162263,0.754249213906314
070802070401,2017-01,1.20090052810049,1.92344960798967,0.668024566803797
070802070401,2017-02,2.98549632111618,6.166866696761,0.767613033051766
070802070401,2017-03,6.44574404707322,20.6361209155754,0.784041638361306
070802070401,2017-04,5.67769926646113,18.198115424296,0.515764069472969
070802070401,2017-05,2.47079341704459,10.8793825839046,0.436188652160256
070802070401,2017-06,1.68379814883042,5.82040267471506,0.169725839243026
070802070401,2017-07,1.82411049622012,3.40685428822914,0.197426986927993
070802070401,2017-08,1.49691521014713,2.04673194837793,0.307018537025576
070802070401,2017-09,0.934521835640871,1.09821942983079,0.148370534965982
070802070401,2017-10,1.10576061422808,0.806216284445824,0.378836761636293
070802070401,2017-11,0.636907449733094,0.396857186386863,0.400145220039049
070802070401,2017-12,0.527160585612727,0.223684734558306,0.310979888766527
070802070401,2018-01,0.495998480326112,0.137752174424181,0.440971043302696
070802070401,2018-02,0.392626908198718,0.101750873081482,0.652420922353279
070802070401,2018-03,0.61148443263226,0.299716030493222,0.619731717617391
070802070401,2018-04,1.18701907375869,4.96022422017963,0.754843179196891
070802070401,2018-05,2.13322999649374,6.80030722862644,0.336028548060664
070802070401,2018-06,1.45599679220544,3.41209407092015,0.267328461382174
070802070401,2018-07,1.0348323470898,1.87951165577889,0.1982351620908
070802070401,2018-08,0.90034302612084,1.04247254336524,0.210457509728427
070802070401,2018-09,0.802009399241487,0.577369104304729,0.276056994434642
070802070401,2018-10,1.17394106478105,0.527252373981469,0.545264808953326
070802070401,2018-11,0.917082921650793,0.297195499500478,0.793619625522554
070802070401,2018-12,1.02430054231137,1.32884307665562,0.906017526354098
070802070401,2019-01,3.05557054270395,10.4227291208719,0.933682812972857
070802070401,2019-02,2.20346997000187,9.73508143332441,0.931053934631443
070802070401,2019-03,5.9599525597538,21.8044201749748,0.85856900981647
070802070401,2019-04,5.40896472432074,32.6047028434472,0.43933860178831
070802070401,2019-05,13.3173472256531,22.7046735238326,0.574756950626693
070802070401,2019-06,6.27378836069993,19.1336707594316,0.454805994333223
070802070401,2019-07,3.67911078743347,12.824739778988,0.225151672869284
070802070401,2019-08,4.08065489616718,9.37161408070904,0.305583847520357
070802070401,2019-09,2.0590845729611,6.09958469387073,0.177353986498165
070802070401,2019-10,1.96001853112078,3.75697849771604,0.480447068700861
070802070401,2019-11,1.34226350288817,2.09661784956624,0.540295086144906
070802070401,2019-12,1.08017604823053,1.34904079098249,0.669478747734932
070802070401,2020-01,0.845065665359109,0.940096416801567,0.815467707448437
070802070401,2020-02,0.692058628144282,0.500946074173175,0.628465382740167
070802070401,2020-03,2.77277870566591,0.511707519285464,0.787626391701368
070802070401,2020-04,0.68995706277583,0.344619243868516,0.333847516453815
070802070401,2020-05,0.585650358625371,0.197707762160332,0.252564355077397
070802070401,2020-06,0.465626525776304,0.180432383645078,0.159393091656082
070802070401,2020-07,1.0189290263541,0.151018115158042,0.313552637873487
070802070401,2020-08,0.364662517975728,0.138381078385417,0.15350575660227
070802070401,2020-09,0.36111368325265,0.19874281941577,0.191284559149949
070802070401,2020-10,0.214392292396908,0.0678188288748582,0.121053179070468
070802070401,2020-11,0.22582372536758,0.02625433778687,0.306232226283734
070802070401,2020-12,0.191265494609234,0.0148371795250207,0.509573103717915
070802070401,2021-01,0.147851527222196,0.0513783347266262,0.59031508710949
070802070401,2021-02,0.208942735941393,0.452365915194809,0.560524180300497
070802070401,2021-03,1.45370819612811,4.79207744467417,0.642068712331972
070802070401,2021-04,0.76870372723088,2.4047514884024,0.238948443354393
070802070401,2021-05,0.745606750687104,1.28707731300698,0.232759790544856
070802070401,2021-06,1.19498489154794,0.682387062429526,0.211577289762597
070802070401,2021-07,0.730576084281391,0.666749232376687,0.261527672391925
070802070401,2021-08,0.506300387309178,0.299466833046594,0.119118115614239
070802070402,2013-01,0.174070818798945,0.0016636226921863,0.573482414974466
070802070402,2013-02,0.193535552457872,0.001364472209048,0.640217219813377
070802070402,2013-03,0.309212519783458,0.315009333100777,0.587213670200044
070802070402,2013-04,15.5440117367388,23.4384667893613,0.855060316001892
070802070402,2013-05,12.3363139114278,44.2543311341861,0.57124784180197
070802070402,2013-06,6.01343623561019,38.7100041939017,0.426318463614683
070802070402,2013-07,3.34437375247339,24.1067393294626,0.147411135461654
070802070402,2013-08,2.63659637643622,13.4317689451908,0.191421590120159
070802070402,2013-09,1.81478917033077,7.19175908016439,0.0750594489296329
070802070402,2013-10,1.52691378753021,4.10712214911354,0.189201187270818
070802070402,2013-11,1.6079039267321,2.22126430451053,0.715675065874064
070802070402,2013-12,0.932713983676903,1.30092727488975,0.764199075218459
070802070402,2014-01,0.758940910679079,0.738089738080126,0.676398296335809
070802070402,2014-02,0.591408052097392,0.391481319351424,0.589822375687572
070802070402,2014-03,0.759298039727015,2.64580347778096,0.749650721796826
070802070402,2014-04,2.86949472201605,3.13940830312471,0.603054025760735
070802070402,2014-05,1.38726181595905,2.35056499966617,0.478628191068612
070802070402,2014-06,2.83502399568687,1.22960327089261,0.385120646568382
070802070402,2014-07,5.02483283375904,4.56034334090579,0.552378266556256
070802070402,2014-08,2.25514742631838,2.77294193003565,0.380239929237606
070802070402,2014-09,1.18032194343093,1.49980161503948,0.337997558755098
070802070402,2014-10,1.14281653136624,0.881194436932754,0.383310102568226
070802070402,2014-11,0.683995654635347,0.488457445781456,0.345840020818441
070802070402,2014-12,0.661940351887366,0.298945110429637,0.483417093927246
070802070402,2015-01,0.511809881868408,0.182532586452689,0.599487242548328
070802070402,2015-02,0.43212500313608,0.0987416814513991,0.630420761418639
070802070402,2015-03,0.429181059787432,0.101341156322935,0.462106735117008
070802070402,2015-04,1.10166237049803,0.115544515847143,0.418792282636585
070802070402,2015-05,1.01673271591562,0.0893206347453645,0.358058745539445
070802070402,2015-06,2.10628251104428,0.067480004021096,0.472357159321314
070802070402,2015-07,0.573192017961488,0.0544728287269421,0.294193096017012
070802070402,2015-08,0.605178603222549,0.0422769810306342,0.178422198796605
070802070402,2015-09,1.89337604908303,2.27874612142556,0.335914521852473
070802070402,2015-10,0.998469013957488,1.69473843324548,0.142841473007544
070802070402,2015-11,0.926512981474678,0.899332477203566,0.423225912227018
070802070402,2015-12,8.47533610112823,8.16576226228019,0.9000075655719
070802070402,2016-01,3.24796812080298,10.6764872358244,0.887542883275093
070802070402,2016-02,2.49529210783392,8.49646010951686,0.861829701996182
070802070402,2016-03,5.81659884139876,21.582831269978,0.82650109360125
070802070402,2016-04,3.46981861826553,14.1101096039118,0.565375490451774
070802070402,2016-05,2.00716111319098,8.0836641465751,0.307539718366586
070802070402,2016-06,1.64863937296,4.32523822728941,0.188062115624878
070802070402,2016-07,5.2193595483058,5.22852598616233,0.371820777600471
070802070402,2016-08,17.5468926348749,14.0461804091545,0.336155853055362
070802070402,2016-09,4.62307195327775,12.3612371248852,0.432679312218521
070802070402,2016-10,2.60883680381398,8.74251318228529,0.330224422771944
070802070402,2016-11,1.92798996916039,5.02665487002442,0.342081958502738
070802070402,2016-12,1.47810059281664,3.10049066095458,0.757170629918535
070802070402,2017-01,1.21032573380442,1.88795949407055,0.668523637331705
070802070402,2017-02,2.63244094541232,6.1946269433854,0.772092891649114
070802070402,2017-03,6.23002346547936,20.8467787665399,0.792389251285592
070802070402,2017-04,5.40765721223451,18.2803303518064,0.522412198961415
070802070402,2017-05,2.68351648565882,10.9819271821252,0.441660546682918
070802070402,2017-06,1.80210966546428,5.93341870914996,0.174216076985477
070802070402,2017-07,1.74503049942982,3.43021051367838,0.199406959580852
070802070402,2017-08,1.62344457908725,1.92212646981943,0.30716635778223
070802070402,2017-09,0.966658363411687,1.06136594686818,0.149975103720783
070802070402,2017-10,1.33066173074324,0.643142522211089,0.381879617383284
070802070402,2017-11,0.637231890032057,0.370704895693639,0.405039832693249
070802070402,2017-12,0.521658848962833,0.228281639159758,0.316737332761466
070802070402,2018-01,0.511719219231311,0.146577554980164,0.445558143238154
070802070402,2018-02,0.378093819212589,0.100408608417145,0.656151769614537
070802070402,2018-03,0.707850280422638,0.19029913012224,0.621003552247914
070802070402,2018-04,1.07539128085095,4.79147154405879,0.761905935121752
070802070402,2018-05,2.12354385612161,6.74926766222763,0.340591762041185
070802070402,2018-06,1.57959203898843,3.47271265678918,0.269536759845938
070802070402,2018-07,1.1685081695034,1.94367978368938,0.201740599020571
070802070402,2018-08,1.28496974402173,1.06042701733406,0.212806491959806
070802070402,2018-09,0.95830686017411,0.572950897965877,0.27761247416818
070802070402,2018-10,1.30910326670392,0.34409625971817,0.548502425334156
070802070402,2018-11,0.958833978780847,0.205702852916217,0.798689170821127
070802070402,2018-12,1.05518604900449,1.06949301262496,0.912689431497658
070802070402,2019-01,2.99919932120032,10.4145624832813,0.940529336689913
070802070402,2019-02,2.17525729768615,9.76262976359653,0.938013417966279
070802070402,2019-03,5.60709156773168,21.9011079014901,0.865677029076374
070802070402,2019-04,5.23211700259343,33.2241017509978,0.444581134026406
070802070402,2019-05,13.5368483716113,22.8626132310769,0.58019564896977
070802070402,2019-06,6.41560176904481,18.9573755170193,0.461716911240458
070802070402,2019-07,3.52276248828363,12.725235553683,0.228892671784282
070802070402,2019-08,3.69869939568364,9.35502900386328,0.308488987223701
070802070402,2019-09,2.12216984085123,6.17267692228686,0.179819547716294
070802070402,2019-10,2.01648593236378,3.72782618771535,0.481295846175252
070802070402,2019-11,1.35540967079381,2.09978429179244,0.543663083376488
070802070402,2019-12,1.12300040095825,1.27927575779728,0.673305453925532
070802070402,2020-01,0.828932928721663,0.769742493669287,0.820753338991321
070802070402,2020-02,0.723375543906072,0.492137117551698,0.633223848253026
070802070402,2020-03,2.60929845900736,0.380381369748137,0.797225386367545
070802070402,2020-04,0.713771976914093,0.276992771993644,0.340306634784278
070802070402,2020-05,0.73727758057175,0.185615768779687,0.257557517453515
070802070402,2020-06,0.639870146583241,0.142524068599486,0.162079167237386
070802070402,2020-07,1.3923045066235,0.111348113113216,0.317498622513186
070802070402,2020-08,0.472121178847847,0.0415865619832451,0.156577045690488
070802070402,2020-09,0.489200911244813,0.031471699115339,0.193831274735043
070802070402,2020-10,0.237443335247528,0.0253386669425271,0.12364973040891
070802070402,2020-11,0.379851524578566,0.019102617670924,0.309813253793828
070802070402,2020-12,0.199463975192682,0.0154907777213252,0.514764077630297
070802070402,2021-01,0.130891639182406,0.0120127093946323,0.594083323667219
070802070402,2021-02,0.194194938184865,0.298008601506882,0.563497632818951
070802070402,2021-03,1.44631212030918,4.8409791839923,0.647541119050851
070802070402,2021-04,0.764240201092726,2.49428190121172,0.245131687622362
070802070402,2021-05,1.02029676466835,1.37784990378373,0.237431208056015
070802070402,2021-06,1.38937502799357,0.719101464957201,0.215513033287221
070802070402,2021-07,0.807074228408802,0.418751814769697,0.264564058994768
070802070402,2021-08,0.702473901232667,0.238117964604671,0.121183621233237
070802070601,2013-01,0.200055118774919,0.039210053816776,0.4379747945927
070802070601,2013-02,0.182010137847957,0.0215441505606682,0.539860908173836
070802070601,2013-03,2.23019524259325,0.556358068466,0.573576907129157
070802070601,2013-04,73.0633259681168,10.7491046982947,0.705784780396412
070802070601,2013-05,52.9812927218768,18.9788848255591,0.459698413379185
070802070601,2013-06,13.3882431760339,12.8380354845248,0.301740841676431
070802070601,2013-07,2.90193970447561,7.15946809160703,0.119330136292962
070802070601,2013-08,1.69307093220646,3.86085412732687,0.15621382034231
070802070601,2013-09,0.733414717283305,2.10590282951429,0.0511657872457063
070802070601,2013-10,1.07664313627819,1.26665515729378,0.227297501117967
070802070601,2013-11,3.44996947111974,1.50095189200241,0.679162740842454
070802070601,2013-12,1.97537511273236,1.55402666545484,0.62275266440116
070802070601,2014-01,0.986644362086178,0.86617269338751,0.540564792240097
070802070601,2014-02,0.705760342898365,0.455216668105113,0.493992394504453
070802070601,2014-03,4.00026047642634,2.0466216996998,0.585760916808547
070802070601,2014-04,46.4406290070787,4.06198672819372,0.534870693218744
070802070601,2014-05,14.8195047496712,7.641413892269,0.38148794602747
070802070601,2014-06,4.62872001956601,4.05805160381527,0.255270196359809
070802070601,2014-07,3.29467587684989,2.23623241408206,0.340085272087455
070802070601,2014-08,10.8533348044001,1.92450776849143,0.335453499920448
070802070601,2014-09,3.14935351785971,1.72533350008589,0.237932377192454
070802070601,2014-10,1.97165561830628,1.00085525546039,0.338610139933209
070802070601,2014-11,0.639947924280997,0.556671826878846,0.249794402894979
070802070601,2014-12,0.530306121803254,0.345022246728823,0.383214267131564
070802070601,2015-01,0.488937573522617,0.214300173027619,0.501185629133711
070802070601,2015-02,0.30812148505368,0.179881264341932,0.533677423862245
070802070601,2015-03,0.904486705414997,1.24225728175679,0.401519065356827
070802070601,2015-04,11.1581096400238,0.969371270930206,0.442517621183477
070802070601,2015-05,2.84288056503941,0.803123987296085,0.24191672791246
070802070601,2015-06,9.70571275581258,0.861564617878253,0.318023532427374
070802070601,2015-07,9.08114390749088,2.32479356585753,0.231078119147068
070802070601,2015-08,3.48209116299874,1.44122210241508,0.187190212276326
070802070601,2015-09,3.05280754736336,1.46126050811749,0.231893412257198
070802070601,2015-10,1.26671350536827,0.969277688252447,0.16416929179229
070802070601,2015-11,1.49361522137045,0.618130967511445,0.46788014753027
070802070601,2015-12,21.5294297284463,6.16214286535884,0.816342680663927
070802070601,2016-01,4.86410881733951,5.97596312944952,0.739342716509645
070802070601,2016-02,4.03430515209863,4.69361314389062,0.690766583776228
070802070601,2016-03,11.1261951568972,8.00871651515521,0.593519498434426
070802070601,2016-04,14.7725259203227,6.04360275467778,0.482969413130163
070802070601,2016-05,3.8225306933731,3.53242115870916,0.271899121477623
070802070601,2016-06,2.08584912973146,1.77613561578074,0.178647028025254
070802070601,2016-07,2.14938578581082,1.01185821366719,0.221682403692918
070802070601,2016-08,54.2495156335978,3.97278497921458,0.247128475564817
070802070601,2016-09,15.8679612012042,3.13975657814518,0.349036401211021
070802070601,2016-10,5.32979023025334,2.79308972635017,0.249593444732365
070802070601,2016-11,1.80894403002983,1.5320757541678,0.286485019574341
070802070601,2016-12,1.03885196044001,1.0333845031255,0.72806142854821
070802070601,2017-01,1.04839300089874,1.26316765178973,0.651410780844683
070802070601,2017-02,14.7017445911458,4.65757827729181,0.685406801860253
070802070601,2017-03,18.5676373176278,10.7961577393412,0.694227516569596
070802070601,2017-04,22.0700695796053,11.7449734687573,0.419678032635828
070802070601,2017-05,3.75139262423919,6.46209581695971,0.373320580317682
070802070601,2017-06,1.38325106012538,3.25087275749412,0.0957908611831632
070802070601,2017-07,22.6141333663544,2.20138640970742,0.155686478434005
070802070601,2017-08,11.2193766719119,3.20807446019774,0.263833186231616
070802070601,2017-09,2.54549902086897,1.95078244610902,0.167958892256047
070802070601,2017-10,1.92324581297816,1.19232519207184,0.293661602879407
070802070601,2017-11,0.718537320840686,0.688087265837317,0.324340650942229
070802070601,2017-12,0.433684515467054,0.431533979375759,0.22582047667278
070802070601,2018-01,0.398855911962115,0.262140667581931,0.351073218457041
070802070601,2018-02,0.369893747234805,0.420121114294465,0.536584847172924
070802070601,2018-03,2.32858534855062,2.27273758062355,0.627489051262811
070802070601,2018-04,6.86810940629324,5.98129934572343,0.575977417012968
070802070601,2018-05,10.0200486186702,5.07326046631058,0.295438437263179
070802070601,2018-06,19.2692468677701,2.77787112774611,0.246364241563381
070802070601,2018-07,4.65432662970918,2.28216235915778,0.102397979028518
070802070601,2018-08,2.82710506807602,1.34150457890672,0.189336681598159
070802070601,2018-09,5.54867296893838,0.793465127291424,0.306211062562659
070802070601,2018-10,2.50632078355444,0.495175067879768,0.426578887120532
070802070601,2018-11,3.95197402223991,0.468701164701962,0.659216054503667
070802070601,2018-12,3.46150464870794,2.03317827167324,0.73964651170988
070802070601,2019-01,4.98266817492116,5.37000913643919,0.785030569127985
070802070601,2019-02,3.73062260070483,3.73978128910726,0.782860392835659
070802070601,2019-03,21.9223459611881,7.83071293159927,0.748908011632086
070802070601,2019-04,15.3533536392313,10.9870553053468,0.461419196955613
070802070601,2019-05,19.0942616978432,6.88553850104413,0.514517732094201
070802070601,2019-06,8.96134949783177,5.52307193354499,0.285558412366994
070802070601,2019-07,3.20994974137448,3.88456959721819,0.137661621982387
070802070601,2019-08,28.5668253543926,3.63091139666034,0.222543158541279
070802070601,2019-09,4.56315631725663,3.02205545909497,0.125768130263756
070802070601,2019-10,3.01358660869735,1.81434296473011,0.402316220463915
070802070601,2019-11,1.27508308632953,1.01728951491227,0.424299727218653
070802070601,2019-12,0.78686018178199,0.680498878481523,0.522592000769775
070802070601,2020-01,0.635097034087314,0.765072811589572,0.619771169899862
070802070601,2020-02,0.474511253239484,0.386850471025834,0.490981679504471
070802070601,2020-03,9.52973384332048,4.5430577858356,0.687802799420425
070802070601,2020-04,3.66698760076031,3.82287947164491,0.318239077595283
070802070601,2020-05,1.64105676715978,1.98556982409654,0.208709658757388
070802070601,2020-06,1.00357027219776,1.00683283564704,0.139010995936438
070802070601,2020-07,1.19554643415565,0.700211591226653,0.167404103582556
070802070601,2020-08,0.413962019387145,0.688632562826086,0.0755158726119851
070802070601,2020-09,0.545941126175261,0.319925651170367,0.131692025151582
070802070601,2020-10,0.226979522050933,0.17364942239279,0.106579653378269
070802070601,2020-11,0.197894881916619,0.0933709994222775,0.222742303266789
070802070601,2020-12,0.146274325176037,0.0604791371496283,0.35834008803145
070802070601,2021-01,0.237552527114088,0.0243330621476495,0.449382844722841
070802070601,2021-02,1.41170773055164,0.106439715840607,0.449144359683883
070802070601,2021-03,3.21638725278336,3.04701557014588,0.545019122181474
070802070601,2021-04,0.980155445741878,1.78012392846696,0.1811913785675
070802070601,2021-05,0.786684705252001,0.857711864160982,0.173358711733595
070802070601,2021-06,4.50312014834524,0.481341939184687,0.119725712939385
070802070601,2021-07,4.2719698306321,0.686050382911123,0.170817761562218
070802070601,2021-08,1.60490361549231,0.451726199540817,0.0940353200606589
070802070602,2013-01,0.245058169056555,0.0318089569453832,0.594702969166631
070802070602,2013-02,0.234959752306958,0.0217274776765047,0.755490934147001
070802070602,2013-03,5.07914434621153,1.04873859720856,0.81331381287151
070802070602,2013-04,75.1700666771985,19.5113606369957,0.800820441951235
070802070602,2013-05,64.1992536860711,31.1247017261304,0.535874712578783
070802070602,2013-06,11.2127576549941,19.4522117153923,0.371297466492004
070802070602,2013-07,2.76547377222554,10.22882676291,0.139473674944703
070802070602,2013-08,1.68934907155058,5.29027126399605,0.185363753498229
070802070602,2013-09,0.770011093320696,2.81140947764415,0.0579521345812738
070802070602,2013-10,0.944471160832891,1.68087881633851,0.246874964454699
070802070602,2013-11,4.97558802151197,2.3282949800235,0.794529084515861
070802070602,2013-12,2.50001236606763,2.45746394522138,0.780210328163561
070802070602,2014-01,1.18370422214146,1.31582945329888,0.716886491319108
070802070602,2014-02,0.735092716316751,0.669922674050919,0.656677922784348
070802070602,2014-03,6.30026925399583,4.1753935165322,0.75700226158928
070802070602,2014-04,33.3261038694099,7.25504881778758,0.650832367765876
070802070602,2014-05,15.8634851984523,11.9438057841575,0.489485300220155
070802070602,2014-06,7.12807199752015,6.03430556187032,0.307888918287313
070802070602,2014-07,6.8948903441567,4.57296233868294,0.466920155796701
070802070602,2014-08,5.88487563162884,3.71649299405051,0.402757672512152
070802070602,2014-09,1.52793304050034,2.75962631185969,0.29474100207211
070802070602,2014-10,1.5697425480868,1.53767090476125,0.412513710494058
070802070602,2014-11,0.529002828675275,0.842747866831439,0.3284392628717
070802070602,2014-12,0.487178290346134,0.52071316366094,0.487301688514616
070802070602,2015-01,0.464565090977124,0.332321617630608,0.644342500166916
070802070602,2015-02,0.291902692373096,0.303052937797249,0.739361155922665
070802070602,2015-03,1.24548117172919,2.51637229753787,0.528564298410695
070802070602,2015-04,3.33617995305749,1.51014289099889,0.471891690748363
070802070602,2015-05,2.10627488739995,0.65599856717524,0.311617785979327
070802070602,2015-06,9.82974094817578,0.946372558124205,0.376911318561992
070802070602,2015-07,4.42408398347124,2.7852851987853,0.266770661177937
070802070602,2015-08,2.49692356821406,1.45432267781779,0.228781802837792
070802070602,2015-09,12.5427988552549,2.22994821760046,0.309069931324004
070802070602,2015-10,2.10836339337321,1.60437582555946,0.198490421058327
070802070602,2015-11,1.76477180565851,1.05294255564665,0.59517881254709
070802070602,2015-12,20.1042720602068,11.6640650515864,0.929881767575462
070802070602,2016-01,4.95280811788401,10.6874188131661,0.881894131832388
070802070602,2016-02,4.85674140673667,8.33987796008268,0.88636877853117
070802070602,2016-03,13.4624332622389,16.2358636736382,0.741678939634984
070802070602,2016-04,10.3874988882206,11.8038567453687,0.566648250522651
070802070602,2016-05,2.90781092695443,6.30012755705537,0.311019172351939
070802070602,2016-06,1.83088540388593,3.14978660132025,0.193960988300153
070802070602,2016-07,8.77626326047862,2.25672476283494,0.29179167029871
070802070602,2016-08,54.0587027740679,6.55694532416662,0.313155996306477
070802070602,2016-09,11.9240900634967,4.79234718721421,0.417166308268976
070802070602,2016-10,5.35378626692405,4.09550768240822,0.328628701350314
070802070602,2016-11,1.95273613703399,2.15075003906892,0.381611771419966
070802070602,2016-12,1.07890422700853,1.42293208731392,0.882589257434469
070802070602,2017-01,1.00918735418376,1.64848260354691,0.833802336333422
070802070602,2017-02,23.374748871912,7.67102433359104,0.859433323478533
070802070602,2017-03,19.2381585225422,17.9856702118521,0.779257218934666
070802070602,2017-04,19.835493220159,18.2057661573205,0.511171912802098
070802070602,2017-05,4.10047020890628,9.38070526795145,0.445294421187681
070802070602,2017-06,1.56705612550072,4.40673641921276,0.133846959792219
070802070602,2017-07,13.9231203242743,2.81183708991339,0.202420911067676
070802070602,2017-08,8.39198480538868,3.66868130021464,0.32929683145775
070802070602,2017-09,2.35392762379366,2.07609469791672,0.178921033956718
070802070602,2017-10,1.96844376741861,1.1901401968794,0.358178688563576
070802070602,2017-11,0.745248088129075,0.650693233481757,0.390190080893432
070802070602,2017-12,0.464650809416007,0.392886702027442,0.292719031964368
070802070602,2018-01,0.483625020404621,0.235539284617576,0.452372016512796
070802070602,2018-02,0.409330000172123,0.690108421572724,0.710654287588201
070802070602,2018-03,2.3958014050661,4.51213806721472,0.767615504142811
070802070602,2018-04,12.2785709682092,12.5272632876722,0.747667953091072
070802070602,2018-05,8.42248349921972,10.4782489196799,0.350595297336963
070802070602,2018-06,3.89999854368561,5.44763856890143,0.249380789352622
070802070602,2018-07,1.36187577522315,3.08186994899114,0.13509180984912
070802070602,2018-08,1.82129377419717,1.70912974370384,0.202389766420681
070802070602,2018-09,2.04436471169266,0.974198708493921,0.324723683796582
070802070602,2018-10,2.05384090368936,0.626479634469931,0.541252750052906
070802070602,2018-11,2.17873177650363,1.6404690734895,0.841977735707946
070802070602,2018-12,4.57226481422384,5.02238034293559,0.923979749982082
070802070602,2019-01,6.87297426197932,11.0453577955557,0.898864468264188
070802070602,2019-02,4.31037508310755,7.71663280398421,0.901730251595993
070802070602,2019-03,32.1031015468225,14.7658361180459,0.838027434679914
070802070602,2019-04,15.082262428081,19.9595499098472,0.519718123043909
070802070602,2019-05,17.9912414639596,12.145290714552,0.610165029353537
070802070602,2019-06,8.57031409135452,9.34745525475846,0.349880078184468
070802070602,2019-07,4.1781916646259,6.0571656871954,0.190514639140199
070802070602,2019-08,21.5361639233894,5.48366927800005,0.261496680062806
070802070602,2019-09,4.62317684559774,4.363468343734,0.14968096589394
070802070602,2019-10,3.16959582139964,2.52609834652317,0.515470610598252
070802070602,2019-11,1.34376207317223,1.37830906257369,0.517428234282542
070802070602,2019-12,0.870671035283537,0.953051608200963,0.673408148265801
070802070602,2020-01,0.839401307172255,1.30290299978801,0.814388590858949
070802070602,2020-02,0.644422993543373,0.640870780088155,0.685495796009575
070802070602,2020-03,10.4586061322338,6.94801049097858,0.785952719628107
070802070602,2020-04,3.60662861077094,5.11671694618513,0.377547609779958
070802070602,2020-05,1.89812639774013,2.23031516347627,0.256978767915819
070802070602,2020-06,1.08586168303297,0.899957663786378,0.173861710436489
070802070602,2020-07,2.03836331273358,0.635359481783751,0.251180258565542
070802070602,2020-08,0.507862349804315,0.893002735615942,0.126386746210107
070802070602,2020-09,0.557691221649604,0.352346660877093,0.162134972702138
070802070602,2020-10,0.256433224795151,0.136883891397013,0.121897433449895
070802070602,2020-11,0.255862965157897,0.0512859214583644,0.282245076183742
070802070602,2020-12,0.185103282695679,0.0274851705904008,0.463428440490237
070802070602,2021-01,0.220223802319801,1.06668795745e-05,0.579787445855227
070802070602,2021-02,1.02769823195881,0.160229472179563,0.571917610413313
070802070602,2021-03,3.9799126755988,5.66880238026587,0.707747899375751
070802070602,2021-04,1.49936404686221,3.31290483634031,0.239269404992897
070802070602,2021-05,1.12917776182148,1.55308694252356,0.210555449878275
070802070602,2021-06,1.27762396219213,0.716779479107251,0.139125616818868
070802070602,2021-07,0.955312726866185,0.381743425873539,0.198725153604537
070802070602,2021-08,0.730454877453981,0.204375404831747,0.110433843121746
070802070603,2013-01,0.103927318120945,0.0423248922612643,0.431333759341142
070802070603,2013-02,0.243462777056771,0.0211224736784595,0.525968617553226
070802070603,2013-03,3.25265125273283,0.392638933878723,0.549343446370367
070802070603,2013-04,48.3767276839889,14.2376338098599,0.675504502174329
070802070603,2013-05,41.2911885844516,23.7227443248157,0.487433654826015
070802070603,2013-06,9.75338969407245,19.2796271870859,0.360516764814164
070802070603,2013-07,1.92295521419058,12.0012041855753,0.124709674753148
070802070603,2013-08,2.5007548167059,6.79032520314789,0.16119067788103
070802070603,2013-09,0.814142554839886,3.73000838480708,0.0612240464586457
070802070603,2013-10,1.16819972988493,2.20215612750169,0.166591584168652
070802070603,2013-11,3.53857370314478,1.41433439615581,0.6017443076032
070802070603,2013-12,0.653012683547957,1.24271026998308,0.611473834092441
070802070603,2014-01,0.357227178846426,0.84508578934315,0.552424787993619
070802070603,2014-02,0.554065211099131,0.629744914867485,0.504554389417898
070802070603,2014-03,5.53878422807489,2.95310946181766,0.583071611252461
070802070603,2014-04,30.6665606537002,4.39541474999026,0.521894354056207
070802070603,2014-05,8.88366693960649,4.43714052661788,0.397738256717244
070802070603,2014-06,16.6611314372359,2.67149363253886,0.304203970883142
070802070603,2014-07,16.5989868853695,4.18131561545997,0.462144477871683
070802070603,2014-08,11.6211476144603,3.00211775073852,0.337734694198481
070802070603,2014-09,2.27165635749362,1.84482734879766,0.300162976987766
070802070603,2014-10,2.95926740040891,1.13996792448034,0.347122106218239
070802070603,2014-11,0.528965366692827,0.664912104927569,0.295865808309634
070802070603,2014-12,0.668892618041547,0.417234345186813,0.407534663161167
070802070603,2015-01,0.877684883859392,0.648058158821726,0.502078662857878
070802070603,2015-02,0.824801333044764,1.11519439811648,0.512721006649427
070802070603,2015-03,2.59048654875092,1.40621621615249,0.390954131313837
070802070603,2015-04,5.41417680696151,0.964989260601236,0.344274910179014
070802070603,2015-05,5.4764073925699,0.5596984898997,0.288782606339033
070802070603,2015-06,19.6920386625965,0.47592180086745,0.354394644627535
070802070603,2015-07,3.5890512776985,1.0578152638241,0.238634008617794
070802070603,2015-08,2.858048601093,0.670140390428926,0.167136863853619
070802070603,2015-09,16.7855221842686,1.59656522091432,0.287575797816021
070802070603,2015-10,1.31762165698935,1.28270464600543,0.144974235337699
070802070603,2015-11,1.64698133605634,0.722133954031259,0.391774876357227
070802070603,2015-12,15.8724182052643,5.71368212651159,0.742871978564523
070802070603,2016-01,2.81115732634814,7.01835839237859,0.727204515367722
070802070603,2016-02,4.23599183409462,5.79181662075807,0.704010138641923
070802070603,2016-03,15.8196326108728,13.1715478048242,0.623907455232706
070802070603,2016-04,12.1254896795072,9.29105659284384,0.449936616964465
070802070603,2016-05,2.32865864181062,5.61229483987753,0.244770000753646
070802070603,2016-06,1.76191780174382,3.07721060510923,0.151717390877603
070802070603,2016-07,19.3429156807159,3.15246448469514,0.291062077275451
070802070603,2016-08,38.9993166887681,6.98328874806694,0.302060906178253
070802070603,2016-09,14.0958101423646,5.85096718218981,0.355847306890984
070802070603,2016-10,3.25176124115161,4.35123567548042,0.287003413194709
070802070603,2016-11,0.962062070833719,2.5391366617272,0.313796123491737
070802070603,2016-12,0.639783477778121,2.00291487958239,0.662949534981197
070802070603,2017-01,0.576780834036934,1.39687388361075,0.604536574991864
070802070603,2017-02,16.3760330647447,4.34539405202144,0.648457303853595
070802070603,2017-03,15.4412720971607,12.5134735860937,0.613169168390713
070802070603,2017-04,18.1345191332559,10.6365748215214,0.445070157404233
070802070603,2017-05,4.2765017398534,6.67502508684508,0.385931101819117
070802070603,2017-06,1.34293656812794,3.66377551485119,0.137285121473701
070802070603,2017-07,11.2194083209849,2.22313205027247,0.161679537277923
070802070603,2017-08,4.44833855302243,1.69901934765359,0.266153574239031
070802070603,2017-09,0.902513750638203,1.00777484684321,0.135625065628712
070802070603,2017-10,3.98617220615828,0.637774326792305,0.338692677392751
070802070603,2017-11,0.64458436871958,0.3853994799577,0.364321019763398
070802070603,2017-12,0.223907677372504,0.245263696400792,0.294662870187066
070802070603,2018-01,0.709307572715071,0.487653142132438,0.398244954774017
070802070603,2018-02,1.35680245973978,1.48818113811187,0.522639122431225
070802070603,2018-03,4.63392133877214,2.76719527320682,0.538808311429381
070802070603,2018-04,8.47670885596103,6.86723897784852,0.631961133931822
070802070603,2018-05,10.1324802437278,7.25208143944445,0.28759602191652
070802070603,2018-06,5.68251455416503,4.15472593747581,0.222331840124345
070802070603,2018-07,2.05423290140127,2.48806044320294,0.150538329046145
070802070603,2018-08,2.78208050222452,1.41573155079773,0.17217955583339
070802070603,2018-09,2.95374357809622,0.811244772980934,0.246025338849532
070802070603,2018-10,6.51995125965657,0.583617222070784,0.478122989150449
070802070603,2018-11,3.39435301551902,1.27602229477668,0.650331156553719
070802070603,2018-12,3.1493332043046,2.30260216035359,0.721039151413522
070802070603,2019-01,4.32041882712318,7.31486411443088,0.759538571012523
070802070603,2019-02,2.38089863887268,6.13769518250442,0.755253507752069
070802070603,2019-03,16.4906070475169,12.2472951666252,0.71790509331856
070802070603,2019-04,13.5415502345759,18.7552363818744,0.408273138488847
070802070603,2019-05,27.1910746984825,12.9607864409613,0.489211014111934
070802070603,2019-06,13.8071912543438,10.5197237966244,0.34981234393393
070802070603,2019-07,7.96627233735882,7.19084824930068,0.17751425046347
070802070603,2019-08,12.319018368042,5.18373845494877,0.247365527715129
070802070603,2019-09,1.84958496720537,3.43908130113378,0.15037357896096
070802070603,2019-10,4.38495332381442,2.13708192531248,0.415402041437956
070802070603,2019-11,1.52300820425251,1.25951090401369,0.458818124292362
070802070603,2019-12,0.934743276709724,1.24571922101388,0.553199574594878
070802070603,2020-01,1.45136424279775,1.8917091905001,0.645035061061986
070802070603,2020-02,1.5284490477108,1.540529393276,0.530660582541852
070802070603,2020-03,7.9053797534992,2.77882904990383,0.591331671391843
070802070603,2020-04,1.98119878759451,1.62297906374302,0.294122214950867
070802070603,2020-05,1.96956806011375,0.889759537528652,0.211393964781005
070802070603,2020-06,0.978320224703935,0.463168835680078,0.135619131970701
070802070603,2020-07,6.62992174167527,0.290132847221793,0.247198112889622
070802070603,2020-08,0.989037493615182,0.160062071985515,0.134078470620217
070802070603,2020-09,1.31103127604054,0.0985500152424341,0.162490342616363
070802070603,2020-10,0.335753149650124,0.0399565336089946,0.107774194697793
070802070603,2020-11,1.17727818710164,0.0212049869870126,0.263640382588089
070802070603,2020-12,0.357059753551874,0.0177338605246291,0.441823380089782
070802070603,2021-01,0.0899275201355534,0.139392500249156,0.496353822814898
070802070603,2021-02,1.89050826842146,0.397003184007951,0.476146300367488
070802070603,2021-03,10.0522106342911,5.28325972951364,0.540305719061953
070802070603,2021-04,1.31198183299968,3.4610316556496,0.220503660560382
070802070603,2021-05,2.05764121826959,1.91170036700766,0.193703666575143
070802070603,2021-06,4.40803631764382,0.98606132715537,0.152831657274697
070802070603,2021-07,2.19334485634568,0.618961869588544,0.199740414678607
070802070603,2021-08,1.57205509306352,0.340950759666773,0.10363296777306
070802070604,2013-01,0.149544572595672,0.0876961715132254,0.553241779194402
070802070604,2013-02,0.211962681999281,0.0702001448419863,0.64319744598582
070802070604,2013-03,3.75627354714596,0.677408401591682,0.648793097708168
070802070604,2013-04,52.5175581542579,27.4259385895402,0.89765570263362
070802070604,2013-05,43.1945230680184,46.1861841170387,0.680204896835214
070802070604,2013-06,10.8337311768728,34.4707415176298,0.557214064592867
070802070604,2013-07,3.48531024729943,20.6717790142704,0.248105159449401
070802070604,2013-08,3.97795338463842,11.378973377552,0.252003975427459
070802070604,2013-09,2.00165859076276,6.06611288287146,0.132985612555265
070802070604,2013-10,2.30803105540883,3.45570982903496,0.242575466704552
070802070604,2013-11,3.40360510964512,1.86653490980031,0.709537874272646
070802070604,2013-12,0.511175285385306,1.50773155594966,0.801980394567659
070802070604,2014-01,0.401402898152246,1.06661225399934,0.759524304055924
070802070604,2014-02,0.874018045842203,0.8709073864384,0.715255802594829
070802070604,2014-03,8.88245250706566,5.05273391356288,0.831490836817783
070802070604,2014-04,18.400220600251,11.6025759858995,0.768636284177182
070802070604,2014-05,7.73599188925957,10.0310910730961,0.586867108997953
070802070604,2014-06,16.1962452426736,5.59244732356442,0.454294155148983
070802070604,2014-07,12.5849095479987,5.84484204556225,0.650999018566543
070802070604,2014-08,12.2721634308942,3.62180442617617,0.49903978975907
070802070604,2014-09,4.15360902775517,2.26635413981463,0.505817320720278
070802070604,2014-10,4.66485179847379,1.52889120522042,0.51789670552373
070802070604,2014-11,1.08814147743599,1.03570164618774,0.506084479416033
070802070604,2014-12,1.33545885965093,1.51728253131268,0.637274517608897
070802070604,2015-01,1.40213925927622,2.36265366604565,0.744829392967801
070802070604,2015-02,1.7388851716511,3.0672520567354,0.781198495286129
070802070604,2015-03,5.58035002360142,5.6051880389695,0.671950240455006
070802070604,2015-04,12.2670190952783,7.00474694324187,0.544822529303207
070802070604,2015-05,8.54299409902179,6.87875497083529,0.463135551346289
070802070604,2015-06,11.7270613746542,4.00888205414876,0.515906162776693
070802070604,2015-07,3.81712954825482,2.41739931460636,0.399609412083284
070802070604,2015-08,5.01509635716795,1.35788517105458,0.261868878501361
070802070604,2015-09,7.35189688565822,1.68198034086275,0.432281668865679
070802070604,2015-10,2.26648645158456,1.14281433315974,0.271556269205267
070802070604,2015-11,2.77941787468961,0.639077807605926,0.513282907477282
070802070604,2015-12,17.252510011227,7.96240353822928,0.920752458055607
070802070604,2016-01,4.61178456877751,10.9804903876658,0.949171577360621
070802070604,2016-02,7.12391116541014,9.71169678255374,0.936052824043423
070802070604,2016-03,26.2136976862485,27.6110955018623,0.900812397900792
070802070604,2016-04,11.054838173427,24.3177780057262,0.664294855922729
070802070604,2016-05,3.60921518201382,14.5083320112142,0.401769975386715
070802070604,2016-06,3.01549517442681,7.79273763444877,0.247089645341454
070802070604,2016-07,12.2236915226698,5.61087693202271,0.400806011249916
070802070604,2016-08,32.9349190559611,8.74524721304838,0.472512482794904
070802070604,2016-09,11.953587537626,6.96857905052361,0.515542026535161
070802070604,2016-10,4.68511757360772,4.9290857020448,0.475756022310549
070802070604,2016-11,1.42969078851498,2.98120225979333,0.513946668239935
070802070604,2016-12,1.19366412631317,3.81712030590994,0.838988720395501
070802070604,2017-01,1.02379880640979,2.98599782549754,0.796375170085585
070802070604,2017-02,26.3651770724605,8.08216299772485,0.861092759126958
070802070604,2017-03,18.72623810655,26.518141494649,0.885430082281299
070802070604,2017-04,15.155971772057,26.4236139562115,0.657334244059448
070802070604,2017-05,7.712162357159,18.20680962464,0.5599434064669
070802070604,2017-06,2.87966039885851,10.0308333873499,0.266355404486217
070802070604,2017-07,3.74355015940742,5.77979390751351,0.230128158407427
070802070604,2017-08,6.97255080248349,3.205765555323,0.370685186381599
070802070604,2017-09,1.76196030844715,1.74603491826668,0.250186296877922
070802070604,2017-10,8.30308223664314,1.0711948864913,0.520188886150268
070802070604,2017-11,1.01843608813486,0.613517146706652,0.592963750997413
070802070604,2017-12,0.33081330972978,0.369356474635437,0.559276490597545
070802070604,2018-01,1.01763450898377,1.01561664324306,0.658703202916699
070802070604,2018-02,2.49323664983718,3.34144574148703,0.79328018370146
070802070604,2018-03,8.72720861671398,8.18589751807044,0.798902803258985
070802070604,2018-04,18.0265184999766,18.531182774482,0.862587764256937
070802070604,2018-05,10.9364810320274,22.8176692803407,0.455415545427908
070802070604,2018-06,7.11093863316649,12.499939881878,0.326710215590481
070802070604,2018-07,3.72692217951173,7.10548635368285,0.252495514868576
070802070604,2018-08,7.32385184660412,3.86540312791363,0.275887313131711
070802070604,2018-09,5.4606659853666,2.06907354448247,0.354960880476898
070802070604,2018-10,7.93995215300525,1.24651075240832,0.649520988950649
070802070604,2018-11,3.33747493189228,1.46091139735913,0.831133444567337
070802070604,2018-12,4.55914847866334,2.86077143445906,0.911372831769463
070802070604,2019-01,6.89035815564751,10.4772857171123,0.970758576325891
070802070604,2019-02,3.48273835895827,8.51442787063019,0.966404576297975
070802070604,2019-03,31.8156039828997,19.2399364295298,0.929281355530148
070802070604,2019-04,11.8325193005868,39.0447479918122,0.633852312321742
070802070604,2019-05,17.5085324962892,27.5780785601081,0.654057051508874
070802070604,2019-06,9.78784736282743,22.3239295211746,0.531744028523869
070802070604,2019-07,4.28709948854613,14.8241367009165,0.314322108719357
070802070604,2019-08,6.82061778752355,9.27496616240996,0.371972339474782
070802070604,2019-09,2.53192167117496,5.49197570875213,0.27828016694878
070802070604,2019-10,4.88400124425537,3.26259765114786,0.552381063571597
070802070604,2019-11,1.90788399806736,1.83247838725957,0.651172829066716
070802070604,2019-12,1.67874747962174,2.04925869347449,0.782126878880928
070802070604,2020-01,2.79108837541056,3.78182844364861,0.88776368722378
070802070604,2020-02,2.95756956946113,3.16201654812643,0.803552434063684
070802070604,2020-03,12.3719961593353,11.5203660494539,0.883616835720763
070802070604,2020-04,3.87036988351636,10.0469585620904,0.508876673555597
070802070604,2020-05,4.51101390187953,5.93497624464941,0.371228399964187
070802070604,2020-06,2.31191054873832,3.21195649886978,0.249390434512921
070802070604,2020-07,9.60518681535635,1.86294771362601,0.349121790335606
070802070604,2020-08,2.40344602502295,1.03276826334284,0.250452181346513
070802070604,2020-09,3.01435606004085,0.564553184425977,0.259904069109347
070802070604,2020-10,1.03246826805681,0.328838723748647,0.214475205268328
070802070604,2020-11,2.96373234274132,0.206603142747654,0.418138504069907
070802070604,2020-12,0.503914449517697,0.160058143178116,0.651108992270574
070802070604,2021-01,0.15480674591905,0.371248753717594,0.70619894071795
070802070604,2021-02,2.00879322251637,0.782656332563467,0.693290475870594
070802070604,2021-03,14.9802562411601,13.2382656889352,0.826517979375301
070802070604,2021-04,2.40897731026068,11.188941674415,0.427052472411179
070802070604,2021-05,5.19620430391029,6.47586674162092,0.329321632123512
070802070604,2021-06,4.33831449194289,3.44684878577757,0.25350417960956
070802070604,2021-07,3.40072617539769,1.96989373267418,0.2977620168447
070802070604,2021-08,3.71863760756634,1.07877625691706,0.177003618858814
