station_id,station_name,year_month,incqkflow_mm/mo,incbsflow_mm/mo,soilmstfr_frac
06800000,Maple Creek,201301,0.11660616922998952,0.6897231942627633,0.22794781245012144
06800000,Maple Creek,201302,0.06531420695113553,0.5868808400259264,0.1742810684215618
06800000,Maple Creek,201303,0.9953313153410941,0.6040446299672653,0.23529406684797205
06800000,Maple Creek,201304,3.5733097446806537,1.0587264453274967,0.33981067871477366
06800000,Maple Creek,201305,25.15614337171496,3.3230244662833415,0.427464281180923
06800000,Maple Creek,201306,2.1765701142632716,3.776347055180171,0.18832627823381004
06800000,Maple Creek,201307,0.3840286371105729,2.8697506225593212,0.0646895565712831
06800000,Maple Creek,201308,7.468490313647469,3.1441915561148903,0.31554392076231297
06800000,Maple Creek,201309,0.5992480443265986,2.703850218926897,0.11217677612298639
06800000,Maple Creek,201310,4.258729767620512,2.2424578392895316,0.3354922480012405
06800000,Maple Creek,201311,0.8446241472403561,2.064966810962895,0.303843048426117
06800000,Maple Creek,201312,0.15490890852734487,1.6335907921289219,0.2698906060681247
06800000,Maple Creek,201401,0.3146860868145259,1.5098846855536545,0.29973415253128166
06800000,Maple Creek,201402,0.47391971760124796,1.3165367443748102,0.29222730689280685
06800000,Maple Creek,201403,0.6647228080822838,1.4651132698356573,0.256035234486665
06800000,Maple Creek,201404,1.0762095038931432,1.1336228024691937,0.19190723651288308
06800000,Maple Creek,201405,0.21891927783778534,0.9268054183400242,0.14840328457285495
06800000,Maple Creek,201406,12.580475315754878,1.5118705276547673,0.31392119439946403
06800000,Maple Creek,201407,1.0158697586976182,1.7825706608499823,0.18753743131733525
06800000,Maple Creek,201408,12.32242326244784,1.7724928828413613,0.3180147820106525
06800000,Maple Creek,201409,8.390713906288697,3.215375011101009,0.4136492924396375
06800000,Maple Creek,201410,2.150599627642722,2.649052735594797,0.2848216265918744
06800000,Maple Creek,201411,0.13820868426125327,1.8414513697950858,0.21914527629763042
06800000,Maple Creek,201412,0.2459146384066694,1.3904860498803222,0.23959044143182612
06800000,Maple Creek,201501,0.11637552387715018,1.045390147798462,0.27317570157560794
06800000,Maple Creek,201502,0.4161588116551062,0.9383067130529813,0.3258995706923409
06800000,Maple Creek,201503,0.3060927555680693,0.8712530619607872,0.2199166368819552
06800000,Maple Creek,201504,0.3888162912978703,0.6740951649682835,0.15216423214000915
06800000,Maple Creek,201505,3.2702137795495534,0.6432812406926491,0.22245257954672634
06800000,Maple Creek,201506,9.777817062689005,1.0399663298979587,0.3196875039967319
06800000,Maple Creek,201507,12.323928980909136,1.1862457826266521,0.2272299615157827
06800000,Maple Creek,201508,3.2975412656286305,1.2537405272566176,0.20416020112264335
06800000,Maple Creek,201509,0.9209070884566443,0.9196285240320964,0.16760405721473998
06800000,Maple Creek,201510,0.11463330758417252,0.7555911641204627,0.14780997407230936
06800000,Maple Creek,201511,0.2870981633539972,0.5866460221860541,0.23252686476752157
06800000,Maple Creek,201512,3.814646220643565,1.3813613636797348,0.5172524192058541
06800000,Maple Creek,201601,1.6411580810113369,2.654583211779442,0.5678321805493716
06800000,Maple Creek,201602,3.450868565327635,3.310718618015517,0.5556755718628624
06800000,Maple Creek,201603,0.9065951063508038,3.1386846402932536,0.24479598910757738
06800000,Maple Creek,201604,4.7963114329183325,2.209460289560665,0.25580742855583855
06800000,Maple Creek,201605,12.15923269279596,2.8134678693383193,0.35845287441631146
06800000,Maple Creek,201606,4.285958646021132,2.5891415484047036,0.18448118407233752
06800000,Maple Creek,201607,0.294865978564586,2.0964824916760643,0.09017804854970458
06800000,Maple Creek,201608,7.4374278807020495,1.784083244639586,0.2767006281598729
06800000,Maple Creek,201609,16.62590265649241,3.4857775046841293,0.3839975969053052
06800000,Maple Creek,201610,3.100103360106118,3.73349315810989,0.29653053607645685
06800000,Maple Creek,201611,0.40443218443144535,2.574368530485584,0.18484349223972568
06800000,Maple Creek,201612,0.220963193999863,1.904995679362633,0.18692481180017562
06800000,Maple Creek,201701,0.14564559552307021,1.3938114513647542,0.27243314727262313
06800000,Maple Creek,201702,0.37823895911760713,1.3800814473678302,0.3463200203283365
06800000,Maple Creek,201703,1.5274510337094627,1.7023116731582049,0.26724310198745704
06800000,Maple Creek,201704,0.9587885560273745,1.2640293586196323,0.18611534520875395
06800000,Maple Creek,201705,7.815615927635456,1.488445012137266,0.32320922647580447
06800000,Maple Creek,201706,1.8573227301057922,1.9024957007165986,0.10262560771773942
06800000,Maple Creek,201707,0.2887756859260877,1.5148679203596587,0.0649897429127627
06800000,Maple Creek,201708,2.3918065649845617,1.0661254427465392,0.19531193865421287
06800000,Maple Creek,201709,3.1400590460206375,0.8664057337772746,0.18796758696592397
06800000,Maple Creek,201710,8.806032605657707,2.5558045107587017,0.3923561953158534
06800000,Maple Creek,201711,0.40741948474675843,2.0570629126138553,0.21695783398079732
06800000,Maple Creek,201712,0.10624638885171858,1.5607759141763013,0.16305642484666885
06800000,Maple Creek,201801,0.39163515135738064,1.1506291776599578,0.2751121360349975
06800000,Maple Creek,201802,0.06070377666579516,0.8726083656903483,0.3058855573883386
06800000,Maple Creek,201803,0.9022813123781629,1.0445380894016907,0.27149581373630516
06800000,Maple Creek,201804,1.19583614169389,0.9946922741271361,0.267001893106886
06800000,Maple Creek,201805,3.887913284453006,1.1482668557679803,0.19688694074359447
06800000,Maple Creek,201806,28.17109041920308,2.020223066406443,0.30113750054223026
06800000,Maple Creek,201807,15.845944241164228,4.0858745717143305,0.36405990533847715
06800000,Maple Creek,201808,14.0175472997433,3.983005840846526,0.35954034307947347
06800000,Maple Creek,201809,4.6328665156524,3.607812594689027,0.30078772175499396
06800000,Maple Creek,201810,10.310784486444721,4.535587784666356,0.5449270843823636
06800000,Maple Creek,201811,1.1467044378231364,3.895727015551897,0.3989822006198041
06800000,Maple Creek,201812,3.2202090891568527,3.859307607683484,0.5624645144874919
06800000,Maple Creek,201901,4.170468194828972,5.493440014240507,0.6222868452476829
06800000,Maple Creek,201902,0.8056455305736546,4.502575990037275,0.5425958365854453
06800000,Maple Creek,201903,22.643099724927563,6.731914840895027,0.5200982270290125
06800000,Maple Creek,201904,4.6157135230906885,7.081130320218599,0.32613526589041403
06800000,Maple Creek,201905,14.432693529634777,6.455790204359547,0.365459604719732
06800000,Maple Creek,201906,10.544149338685008,6.701271953070679,0.3283239544326859
06800000,Maple Creek,201907,12.536270357215997,7.5447866996708965,0.2690065361639858
06800000,Maple Creek,201908,28.656438177931243,7.364957077842005,0.37531979590492787
06800000,Maple Creek,201909,16.826493133581973,7.46858389293361,0.23543497748560502
06800000,Maple Creek,201910,0.8067409984988925,5.982391609118374,0.19375068476083582
06800000,Maple Creek,201911,0.3343400031329209,4.483425803516945,0.19060124006472456
06800000,Maple Creek,201912,2.2336383858522915,3.839073339733384,0.4951539966762086
06800000,Maple Creek,202001,3.5909608787609457,5.367839921510925,0.6957056171541209
06800000,Maple Creek,202002,2.5085217590043913,6.051069661651107,0.498965368333628
06800000,Maple Creek,202003,3.04665283717195,5.284774159033921,0.34489157630062495
06800000,Maple Creek,202004,1.3493367588672727,4.531599742838868,0.2397958573850003
06800000,Maple Creek,202005,0.6668170349247222,3.7241951200443477,0.1924678527939574
06800000,Maple Creek,202006,5.498464896438773,3.0975297535267177,0.24142213929503445
06800000,Maple Creek,202007,33.152649694763454,5.887352619065809,0.33477240112670625
06800000,Maple Creek,202008,3.3010303553248628,5.2642773193507795,0.1904846704798425
06800000,Maple Creek,202009,2.9045711060913026,4.156560457285489,0.286318734316815
06800000,Maple Creek,202010,0.23485856565124721,3.458532189860215,0.1395756670137805
06800000,Maple Creek,202011,0.1850070067525394,2.7757506494187183,0.21499224489218036
06800000,Maple Creek,202012,0.16245344673701537,2.3945420150180383,0.20763877134047412
06800000,Maple Creek,202101,0.3421186919145462,2.011013939260564,0.319320020458852
06800000,Maple Creek,202102,1.4397134636467492,2.0311195435658496,0.42366538229024175
06800000,Maple Creek,202103,5.391935260344417,2.86570015295332,0.3598291864768052
06800000,Maple Creek,202104,0.8672455990219418,2.8417311818569373,0.19467837055289208
06800000,Maple Creek,202105,2.0500854001282605,2.4750037868328523,0.2207158093813203
06800000,Maple Creek,202106,1.557168854013887,2.1514524152938956,0.13820240539821746
06800000,Maple Creek,202107,3.270044670714135,2.2976746038501346,0.19645170791539437
06800000,Maple Creek,202108,0.7680848921269778,1.9604724382479137,0.11857207294106463
